{"cameraMode":{"drawMode":0,"name":"Shaded","section":"Shading Mode"},"sceneLighting":false,"audioPlay":false,"sceneViewState":{"showFog":true,"showMaterialUpdate":false,"showSkybox":false,"showFlares":true,"showImageEffects":true,"showParticleSystems":true},"in2DMode":false,"pivot":{"x":2.3858370780944826,"y":0.45000481605529787,"z":14.83690071105957},"rotation":{"x":0.27474862337112429,"y":0.5705558657646179,"z":-0.21045739948749543,"w":0.7447887063026428},"size":5.933854579925537,"orthographic":false}