{"cameraMode":{"drawMode":0,"name":"Shaded","section":"Shading Mode"},"sceneLighting":true,"audioPlay":false,"sceneViewState":{"showFog":true,"showMaterialUpdate":false,"showSkybox":true,"showFlares":true,"showImageEffects":true,"showParticleSystems":true},"in2DMode":false,"pivot":{"x":34.215858459472659,"y":35.3773193359375,"z":29.224437713623048},"rotation":{"x":0.18130208551883698,"y":-0.8185480833053589,"z":0.3767940402030945,"w":0.39389023184776308},"size":-9.296601295471192,"orthographic":false}