{"cameraMode":{"drawMode":0,"name":"Shaded","section":"Shading Mode"},"sceneLighting":false,"audioPlay":false,"sceneViewState":{"showFog":true,"showMaterialUpdate":false,"showSkybox":false,"showFlares":true,"showImageEffects":true,"showParticleSystems":true},"in2DMode":false,"pivot":{"x":8.42199993133545,"y":0.18000000715255738,"z":5.546999931335449},"rotation":{"x":0.5098627805709839,"y":-0.48946675658226015,"z":0.5181993842124939,"w":0.48160409927368166},"size":0.3553098440170288,"orthographic":false}