{"cameraMode":{"drawMode":0,"name":"Shaded","section":"Shading Mode"},"sceneLighting":false,"audioPlay":false,"sceneViewState":{"showFog":true,"showMaterialUpdate":false,"showSkybox":false,"showFlares":true,"showImageEffects":true,"showParticleSystems":true},"in2DMode":false,"pivot":{"x":11.907062530517579,"y":54.05318069458008,"z":1.8342771530151368},"rotation":{"x":0.34530189633369448,"y":-0.6442631483078003,"z":0.5491833090782166,"w":0.40508437156677248},"size":4.27200174331665,"orthographic":false}