{"cameraMode":{"drawMode":0,"name":"Shaded","section":"Shading Mode"},"sceneLighting":false,"audioPlay":false,"sceneViewState":{"showFog":true,"showMaterialUpdate":false,"showSkybox":false,"showFlares":true,"showImageEffects":true,"showParticleSystems":true},"in2DMode":false,"pivot":{"x":3.6866049766540529,"y":-0.9830036163330078,"z":1.6607465744018555},"rotation":{"x":-0.48813751339912417,"y":0.12047124654054642,"z":-0.0682547315955162,"w":-0.8617271184921265},"size":5.441195964813232,"orthographic":false}